{"flutter":{"platforms":{"android":{"default":{"projectId":"demoflutterfire-ef5af","appId":"1:199531927936:android:3409adc7f4b11a68930965","fileOutput":"android/app/google-services.json"}},"ios":{"default":{"projectId":"demoflutterfire-ef5af","appId":"1:199531927936:ios:a12695b59fc3fdcc930965","uploadDebugSymbols":false,"fileOutput":"ios/Runner/GoogleService-Info.plist"}},"dart":{"lib/firebase_options.dart":{"projectId":"demoflutterfire-ef5af","configurations":{"android":"1:199531927936:android:3409adc7f4b11a68930965","ios":"1:199531927936:ios:a12695b59fc3fdcc930965","web":"1:199531927936:web:1fefec529c01c19f930965"}}}}}}