{
  "project_info": {
    "project_number": "199531927936",
    "project_id": "demoflutterfire-ef5af",
    "storage_bucket": "demoflutterfire-ef5af.firebasestorage.app"
  },
  "client": [
    {
      "client_info": {
        "mobilesdk_app_id": "1:199531927936:android:3409adc7f4b11a68930965",
        "android_client_info": {
          "package_name": "com.tata.fb_demo"
        }
      },
      "oauth_client": [],
      "api_key": [
        {
          "current_key": "AIzaSyCpUszvb2SMa9Cm3KpRTzwEIzJl79ipxSs"
        }
      ],
      "services": {
        "appinvite_service": {
          "other_platform_oauth_client": []
        }
      }
    }
  ],
  "configuration_version": "1"
}